janela,eleicao,inicio,fim,usdbrl_inicio,usdbrl_fim,usdbrl_var_pct,dxy_inicio,dxy_fim,dxy_var_pct
1 ano,2002,2002-11,2003-11,3.653,2.9465,-19.3,106.5,90.28,-15.2
1 ano,2006,2006-11,2007-11,2.165,1.7982,-16.9,82.85,76.17,-8.1
1 ano,2010,2010-11,2011-11,1.715,1.8083,5.4,81.271,78.491,-3.4
1 ano,2014,2014-11,2015-11,2.5651,3.8675,50.8,88.413,100.21,13.3
1 ano,2018,2018-11,2019-11,3.8662,4.2364,9.6,97.196,98.202,1.0
1 ano,2022,2022-11,2023-11,5.1851,4.9205,-5.1,105.897,103.428,-2.3
ciclo 4 anos,2002,2002-11,2006-11,3.653,2.165,-40.7,106.5,82.85,-22.2
ciclo 4 anos,2006,2006-11,2010-11,2.165,1.715,-20.8,82.85,81.271,-1.9
ciclo 4 anos,2010,2010-11,2014-11,1.715,2.5651,49.6,81.271,88.413,8.8
ciclo 4 anos,2014,2014-11,2018-11,2.5651,3.8662,50.7,88.413,97.196,9.9
ciclo 4 anos,2018,2018-11,2022-11,3.8662,5.1851,34.1,97.196,105.897,9.0
ciclo 4 anos,2022,2022-11,2026-09,5.1851,5.2097,0.5,105.897,101.01,-4.6
