mes,usdbrl,dxy_futuro
2001-01,1.971,110.53
2001-02,2.0463,112.0
2001-03,2.153,117.63
2001-04,2.201,115.95
2001-05,2.381,119.19
2001-06,2.3105,119.75
2001-07,2.473,117.39
2001-08,2.564,113.54
2001-09,2.67,113.96
2001-10,2.696,115.15
2001-11,2.495,115.55
2001-12,2.311,117.21
2002-01,2.413,120.59
2002-02,2.365,119.28
2002-03,2.325,119.06
2002-04,2.361,115.4
2002-05,2.518,111.91
2002-06,2.8175,106.55
2002-07,3.46,107.7
2002-08,3.0075,106.87
2002-09,3.76,107.26
2002-10,3.65,106.82
2002-11,3.653,106.5
2002-12,3.54,102.26
2003-01,3.504,100.14
2003-02,3.57,99.81
2003-03,3.364,99.49
2003-04,2.911,97.38
2003-05,2.9735,93.31
2003-06,2.837,95.11
2003-07,2.9675,97.14
2003-08,2.9785,98.1
2003-09,2.8925,93.2
2003-10,2.8665,92.88
2003-11,2.9465,90.28
2003-12,2.8915,87.26
2004-01,2.9345,87.42
2004-02,2.906,87.42
2004-03,2.896,87.95
2004-04,2.931,90.68
2004-05,3.189,88.98
2004-06,3.086,89.0
2004-07,3.0375,90.11
2004-08,2.927,88.96
2004-09,2.8595,87.51
2004-10,2.8592,84.98
2004-11,2.72,81.82
2004-12,2.656,81.0
2005-01,2.6088,83.64
2005-02,2.5895,82.51
2005-03,2.68,84.05
2005-04,2.5282,84.42
2005-05,2.4095,87.8
2005-06,2.3364,88.98
2005-07,2.38,89.23
2005-08,2.3555,87.54
2005-09,2.2275,89.35
2005-10,2.2518,89.93
2005-11,2.2035,91.51
2005-12,2.3383,90.96
2006-01,2.212,88.81
2006-02,2.1235,90.08
2006-03,2.164,89.39
2006-04,2.087,85.88
2006-05,2.3051,84.65
2006-06,2.1659,84.9
2006-07,2.1775,85.09
2006-08,2.1434,85.02
2006-09,2.1743,85.68
2006-10,2.1428,85.11
2006-11,2.165,82.85
2006-12,2.1365,83.43
2007-01,2.124,84.43
2007-02,2.1204,83.5
2007-03,2.059,82.66
2007-04,2.0348,81.3
2007-05,1.9205,82.25
2007-06,1.929,81.69
2007-07,1.882,80.66
2007-08,1.9681,80.745
2007-09,1.833,77.625
2007-10,1.7368,76.46
2007-11,1.7982,76.17
2007-12,1.78,76.7
2008-01,1.7588,75.285
2008-02,1.6914,73.75
2008-03,1.7564,72.165
2008-04,1.6622,72.72
2008-05,1.6265,72.95
2008-06,1.6041,72.8
2008-07,1.567,73.42
2008-08,1.63,77.5
2008-09,1.9066,79.36
2008-10,2.1642,86.345
2008-11,2.3034,86.705
2008-12,2.3145,82.15
2009-01,2.32,86.46
2009-02,2.3914,88.15
2009-03,2.3169,85.895
2009-04,2.1898,84.775
2009-05,1.9715,79.43
2009-06,1.9525,80.425
2009-07,1.865,78.45
2009-08,1.8802,78.22
2009-09,1.7715,76.86
2009-10,1.7635,76.475
2009-11,1.7555,74.935
2009-12,1.743,78.22
2010-01,1.885,79.65
2010-02,1.8072,80.44
2010-03,1.7837,81.291
2010-04,1.7375,81.991
2010-05,1.8201,86.67
2010-06,1.8039,86.281
2010-07,1.754,81.655
2010-08,1.755,83.254
2010-09,1.6876,78.938
2010-10,1.7012,77.457
2010-11,1.715,81.271
2010-12,1.6595,79.288
2011-01,1.6675,77.865
2011-02,1.6638,76.921
2011-03,1.632,76.072
2011-04,1.5775,73.107
2011-05,1.58,74.696
2011-06,1.5622,74.635
2011-07,1.549,74.036
2011-08,1.5892,74.173
2011-09,1.879,79.075
2011-10,1.7172,76.306
2011-11,1.8083,78.491
2011-12,1.8632,80.522
2012-01,1.7472,79.417
2012-02,1.7174,78.794
2012-03,1.8264,79.138
2012-04,1.9088,78.848
2012-05,2.0226,83.129
2012-06,2.0095,81.753
2012-07,2.0567,82.71
2012-08,2.0293,81.216
2012-09,2.0257,80.025
2012-10,2.0309,79.987
2012-11,2.1361,80.163
2012-12,2.0485,79.871
2013-01,1.9902,79.226
2013-02,1.9795,82.188
2013-03,2.0235,83.375
2013-04,2.001,82.01
2013-05,2.1418,83.671
2013-06,2.2315,83.596
2013-07,2.2764,81.769
2013-08,2.3859,82.39
2013-09,2.2156,80.518
2013-10,2.239,80.458
2013-11,2.3355,80.657
2013-12,2.3618,80.189
2014-01,2.4122,81.403
2014-02,2.3381,79.72
2014-03,2.2714,80.254
2014-04,2.232,79.532
2014-05,2.2403,80.404
2014-06,2.2137,79.811
2014-07,2.2634,81.523
2014-08,2.2355,82.783
2014-09,2.4449,86.047
2014-10,2.4779,87.016
2014-11,2.5651,88.413
2014-12,2.657,90.647
2015-01,2.6814,94.998
2015-02,2.838,95.321
2015-03,3.1947,98.661
2015-04,3.014,94.714
2015-05,3.1788,96.986
2015-06,3.102,95.661
2015-07,3.4204,97.439
2015-08,3.6187,95.854
2015-09,3.9478,96.48
2015-10,3.8562,97.019
2015-11,3.8675,100.21
2015-12,3.9593,98.745
2016-01,3.9973,99.652
2016-02,4.0156,98.219
2016-03,3.5925,94.578
2016-04,3.4352,93.054
2016-05,3.6105,95.878
2016-06,3.2126,96.203
2016-07,3.2471,95.491
2016-08,3.2266,96.012
2016-09,3.2589,95.385
2016-10,3.1878,98.422
2016-11,3.3827,101.539
2016-12,3.2532,102.286
2017-01,3.1507,99.481
2017-02,3.1086,101.129
2017-03,3.123,100.218
2017-04,3.1758,98.898
2017-05,3.2262,96.854
2017-06,3.3063,95.421
2017-07,3.1259,92.718
2017-08,3.1474,92.628
2017-09,3.1614,92.883
2017-10,3.2724,94.429
2017-11,3.2726,93.002
2017-12,3.3121,91.826
2018-01,3.1858,88.954
2018-02,3.2458,90.551
2018-03,3.3046,89.812
2018-04,3.5066,91.63
2018-05,3.7225,93.959
2018-06,3.8765,94.349
2018-07,3.7557,94.275
2018-08,4.0545,95.083
2018-09,4.0477,94.737
2018-10,3.7218,96.901
2018-11,3.8662,97.196
2018-12,3.8804,95.735
2019-01,3.6439,95.304
2019-02,3.7511,96.043
2019-03,3.9238,96.845
2019-04,3.9207,97.201
2019-05,3.9218,97.666
2019-06,3.8518,95.666
2019-07,3.8125,98.258
2019-08,4.1445,98.86
2019-09,4.1551,99.021
2019-10,4.0174,97.154
2019-11,4.2364,98.202
2019-12,4.019,96.058
2020-01,4.282,97.213
2020-02,4.4733,98.081
2020-03,5.2046,99.092
2020-04,5.4858,99.028
2020-05,5.3361,98.341
2020-06,5.4661,97.349
2020-07,5.224,93.321
2020-08,5.4914,92.131
2020-09,5.6112,93.927
2020-10,5.7446,94.042
2020-11,5.3319,91.858
2020-12,5.1937,89.894
2021-01,5.4625,90.569
2021-02,5.5986,90.882
2021-03,5.6315,93.236
2021-04,5.4366,91.27
2021-05,5.2172,89.993
2021-06,4.9686,92.431
2021-07,5.2123,92.188
2021-08,5.1492,92.635
2021-09,5.4428,94.24
2021-10,5.6372,94.121
2021-11,5.6239,96.007
2021-12,5.5703,95.593
2022-01,5.3041,96.537
2022-02,5.1599,96.694
2022-03,4.739,98.36
2022-04,4.9721,102.963
2022-05,4.7315,101.766
2022-06,5.2562,104.464
2022-07,5.1734,105.779
2022-08,5.1831,108.665
2022-09,5.4154,112.084
2022-10,5.1791,111.42
2022-11,5.1851,105.897
2022-12,5.286,103.269
2023-01,5.0731,101.915
2023-02,5.2367,104.825
2023-03,5.0631,102.186
2023-04,4.9865,101.403
2023-05,5.0574,104.245
2023-06,4.786,102.587
2023-07,4.7241,101.626
2023-08,4.9544,103.587
2023-09,5.032,105.815
2023-10,5.035,106.494
2023-11,4.9205,103.428
2023-12,4.8521,101.029
2024-01,4.9526,103.089
2024-02,4.9716,104.098
2024-03,5.0153,104.269
2024-04,5.1934,106.1
2024-05,5.2443,104.627
2024-06,5.5925,105.545
2024-07,5.65,103.859
2024-08,5.6103,101.624
2024-09,5.4482,100.521
2024-10,5.7867,103.878
2024-11,5.973,105.828
2024-12,6.1778,108.296
2025-01,5.8415,108.217
2025-02,5.8854,107.558
2025-03,5.7055,103.883
2025-04,5.6748,99.27
2025-05,5.7227,99.259
2025-06,5.4326,96.493
2025-07,5.6015,99.743
2025-08,5.4304,97.69
2025-09,5.3229,97.451
2025-10,5.3744,99.63
2025-11,5.3368,99.408
2025-12,5.4778,98.047
2026-01,5.2576,96.859
2026-02,5.1305,97.565
2026-03,5.1819,99.759
2026-04,4.9546,97.919
2026-05,5.0368,98.232
2026-06,5.162,100.435
2026-07,5.0754,99.267
2026-08,5.184,98.863
2026-09,5.2097,101.01
